{
  "best": {
    "method": "last_10_mean",
    "layer": "layer_14",
    "accuracy": 0.805
  },
  "config": {
    "model_name": "deepseek-ai/DeepSeek-R1-Distill-Llama-8B",
    "target_correct": 500,
    "target_incorrect": 500,
    "max_attempts": 2000,
    "temperature": 1.0,
    "max_new_tokens": 1024,
    "target_layers": [
      0,
      1,
      2,
      3,
      4,
      5,
      6,
      7,
      8,
      9,
      10,
      11,
      12,
      13,
      14,
      15,
      16,
      17,
      18,
      19,
      20,
      21,
      22,
      23,
      24,
      25,
      26,
      27,
      28,
      29,
      30,
      31
    ],
    "aggregation_methods": [
      "last",
      "last_10_mean",
      "mean"
    ],
    "max_seq_len": 2048,
    "checkpoint_every": 50,
    "cv_folds": 5
  },
  "num_traces": 1000,
  "class_balance": {
    "correct": 500,
    "incorrect": 500
  },
  "last": {
    "layer_0": {
      "accuracy": 0.7259999999999999,
      "std": 0.02267156809750929
    },
    "layer_1": {
      "accuracy": 0.74,
      "std": 0.020976176963403047
    },
    "layer_2": {
      "accuracy": 0.748,
      "std": 0.010770329614269016
    },
    "layer_3": {
      "accuracy": 0.773,
      "std": 0.023366642891095867
    },
    "layer_4": {
      "accuracy": 0.758,
      "std": 0.017776388834631195
    },
    "layer_5": {
      "accuracy": 0.776,
      "std": 0.022226110770892888
    },
    "layer_6": {
      "accuracy": 0.7780000000000001,
      "std": 0.016309506430300106
    },
    "layer_7": {
      "accuracy": 0.774,
      "std": 0.01200000000000001
    },
    "layer_8": {
      "accuracy": 0.773,
      "std": 0.015033296378372923
    },
    "layer_9": {
      "accuracy": 0.769,
      "std": 0.01019803902718558
    },
    "layer_10": {
      "accuracy": 0.766,
      "std": 0.013928388277184131
    },
    "layer_11": {
      "accuracy": 0.768,
      "std": 0.012884098726725137
    },
    "layer_12": {
      "accuracy": 0.758,
      "std": 0.024413111231467426
    },
    "layer_13": {
      "accuracy": 0.773,
      "std": 0.016000000000000014
    },
    "layer_14": {
      "accuracy": 0.774,
      "std": 0.01685229954635273
    },
    "layer_15": {
      "accuracy": 0.8,
      "std": 0.016733200530681485
    },
    "layer_16": {
      "accuracy": 0.795,
      "std": 0.009486832980505146
    },
    "layer_17": {
      "accuracy": 0.7989999999999999,
      "std": 0.012409673645990838
    },
    "layer_18": {
      "accuracy": 0.791,
      "std": 0.024779023386727727
    },
    "layer_19": {
      "accuracy": 0.794,
      "std": 0.016552945357246836
    },
    "layer_20": {
      "accuracy": 0.7959999999999999,
      "std": 0.020099751242241747
    },
    "layer_21": {
      "accuracy": 0.79,
      "std": 0.021447610589527197
    },
    "layer_22": {
      "accuracy": 0.794,
      "std": 0.019849433241279198
    },
    "layer_23": {
      "accuracy": 0.792,
      "std": 0.025416530054277645
    },
    "layer_24": {
      "accuracy": 0.786,
      "std": 0.019849433241279225
    },
    "layer_25": {
      "accuracy": 0.786,
      "std": 0.01743559577416271
    },
    "layer_26": {
      "accuracy": 0.789,
      "std": 0.024779023386727734
    },
    "layer_27": {
      "accuracy": 0.7870000000000001,
      "std": 0.011661903789690611
    },
    "layer_28": {
      "accuracy": 0.786,
      "std": 0.011135528725660053
    },
    "layer_29": {
      "accuracy": 0.795,
      "std": 0.015165750888103085
    },
    "layer_30": {
      "accuracy": 0.789,
      "std": 0.012409673645990868
    },
    "layer_31": {
      "accuracy": 0.796,
      "std": 0.013928388277184131
    }
  },
  "last_10_mean": {
    "layer_0": {
      "accuracy": 0.7649999999999999,
      "std": 0.015491933384829683
    },
    "layer_1": {
      "accuracy": 0.7620000000000001,
      "std": 0.023790754506740657
    },
    "layer_2": {
      "accuracy": 0.782,
      "std": 0.021587033144922923
    },
    "layer_3": {
      "accuracy": 0.7770000000000001,
      "std": 0.02976575213227446
    },
    "layer_4": {
      "accuracy": 0.79,
      "std": 0.015165750888103116
    },
    "layer_5": {
      "accuracy": 0.783,
      "std": 0.023790754506740657
    },
    "layer_6": {
      "accuracy": 0.78,
      "std": 0.01341640786499875
    },
    "layer_7": {
      "accuracy": 0.7789999999999999,
      "std": 0.01685229954635273
    },
    "layer_8": {
      "accuracy": 0.7710000000000001,
      "std": 0.016248076809271934
    },
    "layer_9": {
      "accuracy": 0.7870000000000001,
      "std": 0.017204650534085267
    },
    "layer_10": {
      "accuracy": 0.776,
      "std": 0.009695359714832668
    },
    "layer_11": {
      "accuracy": 0.799,
      "std": 0.013564659966250515
    },
    "layer_12": {
      "accuracy": 0.7939999999999999,
      "std": 0.015937377450509205
    },
    "layer_13": {
      "accuracy": 0.804,
      "std": 0.019339079605813686
    },
    "layer_14": {
      "accuracy": 0.805,
      "std": 0.01581138830084186
    },
    "layer_15": {
      "accuracy": 0.8019999999999999,
      "std": 0.01913112646970896
    },
    "layer_16": {
      "accuracy": 0.798,
      "std": 0.01777638883463116
    },
    "layer_17": {
      "accuracy": 0.804,
      "std": 0.00969535971483263
    },
    "layer_18": {
      "accuracy": 0.7929999999999999,
      "std": 0.013638181696985833
    },
    "layer_19": {
      "accuracy": 0.789,
      "std": 0.018000000000000016
    },
    "layer_20": {
      "accuracy": 0.791,
      "std": 0.01655294535724683
    },
    "layer_21": {
      "accuracy": 0.787,
      "std": 0.015033296378372923
    },
    "layer_22": {
      "accuracy": 0.779,
      "std": 0.02222611077089289
    },
    "layer_23": {
      "accuracy": 0.788,
      "std": 0.01363818169698587
    },
    "layer_24": {
      "accuracy": 0.787,
      "std": 0.011224972160321834
    },
    "layer_25": {
      "accuracy": 0.7939999999999999,
      "std": 0.011575836902790196
    },
    "layer_26": {
      "accuracy": 0.795,
      "std": 0.016124515496597085
    },
    "layer_27": {
      "accuracy": 0.791,
      "std": 0.014628738838327769
    },
    "layer_28": {
      "accuracy": 0.7889999999999999,
      "std": 0.02154065922853801
    },
    "layer_29": {
      "accuracy": 0.789,
      "std": 0.015620499351813323
    },
    "layer_30": {
      "accuracy": 0.785,
      "std": 0.013784048752090234
    },
    "layer_31": {
      "accuracy": 0.78,
      "std": 0.010954451150103333
    }
  },
  "mean": {
    "layer_0": {
      "accuracy": 0.59,
      "std": 0.020248456731316606
    },
    "layer_1": {
      "accuracy": 0.614,
      "std": 0.014282856857085715
    },
    "layer_2": {
      "accuracy": 0.611,
      "std": 0.011575836902790237
    },
    "layer_3": {
      "accuracy": 0.643,
      "std": 0.029933259094191523
    },
    "layer_4": {
      "accuracy": 0.647,
      "std": 0.019646882704388517
    },
    "layer_5": {
      "accuracy": 0.665,
      "std": 0.014142135623730963
    },
    "layer_6": {
      "accuracy": 0.659,
      "std": 0.03120897306865445
    },
    "layer_7": {
      "accuracy": 0.692,
      "std": 0.026191601707417564
    },
    "layer_8": {
      "accuracy": 0.694,
      "std": 0.030886890422960982
    },
    "layer_9": {
      "accuracy": 0.6980000000000001,
      "std": 0.014352700094407289
    },
    "layer_10": {
      "accuracy": 0.69,
      "std": 0.03492849839314594
    },
    "layer_11": {
      "accuracy": 0.694,
      "std": 0.023108440016582663
    },
    "layer_12": {
      "accuracy": 0.718,
      "std": 0.030594117081556706
    },
    "layer_13": {
      "accuracy": 0.7,
      "std": 0.02915475947422648
    },
    "layer_14": {
      "accuracy": 0.709,
      "std": 0.03006659275674581
    },
    "layer_15": {
      "accuracy": 0.6809999999999999,
      "std": 0.022449944320643615
    },
    "layer_16": {
      "accuracy": 0.6809999999999999,
      "std": 0.04152107898405337
    },
    "layer_17": {
      "accuracy": 0.667,